MemoryType;BlockSize;ElementType;BufferSize;LaunchNum;Timer;WriteTime;AverageWriteTime;WriteBandwidth;AbsError(write);RelError(write)
RAM;64;int;16;1;now(), lib chrono;0;0;inf;4,49E-05;0,02%
RAM;64;int;16;2;now(), lib chrono;0;0;inf;4,49E-05;0,02%
RAM;64;int;16;3;now(), lib chrono;0;0;inf;4,49E-05;0,02%
RAM;64;int;16;4;now(), lib chrono;0;0;inf;4,49E-05;0,02%
RAM;64;int;16;5;now(), lib chrono;0;0;inf;4,49E-05;0,02%
RAM;64;int;16;6;now(), lib chrono;0;0;inf;4,49E-05;0,02%
RAM;64;int;16;7;now(), lib chrono;0;0;inf;4,49E-05;0,02%
RAM;64;int;16;8;now(), lib chrono;0;0;inf;4,49E-05;0,02%
RAM;64;int;16;9;now(), lib chrono;0;0;inf;4,49E-05;0,02%
RAM;64;int;16;10;now(), lib chrono;0;0;inf;4,49E-05;0,02%
MemoryType;BlockSize;ElementType;BufferSize;LaunchNum;Timer;WriteTime;AverageWriteTime;WriteBandwidth;AbsError(write);RelError(write)
RAM;393216;int;98304;1;now(), lib chrono;0,000631;0,0006421;6,12E+14;0,006385118;0,13%
RAM;393216;int;98304;2;now(), lib chrono;0,000672;0,0006421;6,12E+14;0,006385118;0,13%
RAM;393216;int;98304;3;now(), lib chrono;0,000618;0,0006421;6,12E+14;0,006385118;0,13%
RAM;393216;int;98304;4;now(), lib chrono;0,000637;0,0006421;6,12E+14;0,006385118;0,13%
RAM;393216;int;98304;5;now(), lib chrono;0,000674;0,0006421;6,12E+14;0,006385118;0,13%
RAM;393216;int;98304;6;now(), lib chrono;0,000619;0,0006421;6,12E+14;0,006385118;0,13%
RAM;393216;int;98304;7;now(), lib chrono;0,000682;0,0006421;6,12E+14;0,006385118;0,13%
RAM;393216;int;98304;8;now(), lib chrono;0,000618;0,0006421;6,12E+14;0,006385118;0,13%
RAM;393216;int;98304;9;now(), lib chrono;0,000635;0,0006421;6,12E+14;0,006385118;0,13%
RAM;393216;int;98304;10;now(), lib chrono;0,000635;0,0006421;6,12E+14;0,006385118;0,13%
MemoryType;BlockSize;ElementType;BufferSize;LaunchNum;Timer;WriteTime;AverageWriteTime;WriteBandwidth;AbsError(write);RelError(write)
RAM;2097152;int;524288;1;now(), lib chrono;0,003383;0,0034981;6,00E+14;0,034951118;0,73%
RAM;2097152;int;524288;2;now(), lib chrono;0,003437;0,0034981;6,00E+14;0,034951118;0,73%
RAM;2097152;int;524288;3;now(), lib chrono;0,003439;0,0034981;6,00E+14;0,034951118;0,73%
RAM;2097152;int;524288;4;now(), lib chrono;0,00341;0,0034981;6,00E+14;0,034951118;0,73%
RAM;2097152;int;524288;5;now(), lib chrono;0,003819;0,0034981;6,00E+14;0,034951118;0,73%
RAM;2097152;int;524288;6;now(), lib chrono;0,003488;0,0034981;6,00E+14;0,034951118;0,73%
RAM;2097152;int;524288;7;now(), lib chrono;0,003431;0,0034981;6,00E+14;0,034951118;0,73%
RAM;2097152;int;524288;8;now(), lib chrono;0,003388;0,0034981;6,00E+14;0,034951118;0,73%
RAM;2097152;int;524288;9;now(), lib chrono;0,003581;0,0034981;6,00E+14;0,034951118;0,73%
RAM;2097152;int;524288;10;now(), lib chrono;0,003605;0,0034981;6,00E+14;0,034951118;0,73%
MemoryType;BlockSize;ElementType;BufferSize;LaunchNum;Timer;WriteTime;AverageWriteTime;WriteBandwidth;AbsError(write);RelError(write)
RAM;4194304;int;1048576;1;now(), lib chrono;0,006895;0,0072685;5,77E+14;0,072659118;1,51%
RAM;4194304;int;1048576;2;now(), lib chrono;0,007009;0,0072685;5,77E+14;0,072659118;1,51%
RAM;4194304;int;1048576;3;now(), lib chrono;0,007027;0,0072685;5,77E+14;0,072659118;1,51%
RAM;4194304;int;1048576;4;now(), lib chrono;0,006879;0,0072685;5,77E+14;0,072659118;1,51%
RAM;4194304;int;1048576;5;now(), lib chrono;0,007581;0,0072685;5,77E+14;0,072659118;1,51%
RAM;4194304;int;1048576;6;now(), lib chrono;0,009844;0,0072685;5,77E+14;0,072659118;1,51%
RAM;4194304;int;1048576;7;now(), lib chrono;0,006887;0,0072685;5,77E+14;0,072659118;1,51%
RAM;4194304;int;1048576;8;now(), lib chrono;0,006861;0,0072685;5,77E+14;0,072659118;1,51%
RAM;4194304;int;1048576;9;now(), lib chrono;0,006775;0,0072685;5,77E+14;0,072659118;1,51%
RAM;4194304;int;1048576;10;now(), lib chrono;0,006927;0,0072685;5,77E+14;0,072659118;1,51%
MemoryType;BlockSize;ElementType;BufferSize;LaunchNum;Timer;WriteTime;AverageWriteTime;WriteBandwidth;AbsError(write);RelError(write)
RAM;42043040;int;10510760;1;now(), lib chrono;0,071331;0,071594;5,87E+14;0,715919118;14,91%
RAM;42043040;int;10510760;2;now(), lib chrono;0,070523;0,071594;5,87E+14;0,715919118;14,91%
RAM;42043040;int;10510760;3;now(), lib chrono;0,069575;0,071594;5,87E+14;0,715919118;14,91%
RAM;42043040;int;10510760;4;now(), lib chrono;0,069507;0,071594;5,87E+14;0,715919118;14,91%
RAM;42043040;int;10510760;5;now(), lib chrono;0,069319;0,071594;5,87E+14;0,715919118;14,91%
RAM;42043040;int;10510760;6;now(), lib chrono;0,075389;0,071594;5,87E+14;0,715919118;14,91%
RAM;42043040;int;10510760;7;now(), lib chrono;0,070734;0,071594;5,87E+14;0,715919118;14,91%
RAM;42043040;int;10510760;8;now(), lib chrono;0,06942;0,071594;5,87E+14;0,715919118;14,91%
RAM;42043040;int;10510760;9;now(), lib chrono;0,06979;0,071594;5,87E+14;0,715919118;14,91%
RAM;42043040;int;10510760;10;now(), lib chrono;0,080352;0,071594;5,87E+14;0,715919118;14,91%
MemoryType;BlockSize;ElementType;BufferSize;LaunchNum;Timer;WriteTime;AverageWriteTime;WriteBandwidth;AbsError(write);RelError(write)
SSD;4194304;int;1048576;1;now(), lib chrono;0,230252;0,2156009;1,95E+13;2,1560205;0,14%
SSD;4194304;int;1048576;2;now(), lib chrono;0,207966;0,2156009;1,95E+13;2,1560205;0,14%
SSD;4194304;int;1048576;3;now(), lib chrono;0,238923;0,2156009;1,95E+13;2,1560205;0,14%
SSD;4194304;int;1048576;4;now(), lib chrono;0,213686;0,2156009;1,95E+13;2,1560205;0,14%
SSD;4194304;int;1048576;5;now(), lib chrono;0,216308;0,2156009;1,95E+13;2,1560205;0,14%
SSD;4194304;int;1048576;6;now(), lib chrono;0,206773;0,2156009;1,95E+13;2,1560205;0,14%
SSD;4194304;int;1048576;7;now(), lib chrono;0,20515;0,2156009;1,95E+13;2,1560205;0,14%
SSD;4194304;int;1048576;8;now(), lib chrono;0,210021;0,2156009;1,95E+13;2,1560205;0,14%
SSD;4194304;int;1048576;9;now(), lib chrono;0,21588;0,2156009;1,95E+13;2,1560205;0,14%
SSD;4194304;int;1048576;10;now(), lib chrono;0,21105;0,2156009;1,95E+13;2,1560205;0,14%
MemoryType;BlockSize;ElementType;BufferSize;LaunchNum;Timer;WriteTime;AverageWriteTime;WriteBandwidth;AbsError(write);RelError(write)
SSD;8388608;int;2097152;1;now(), lib chrono;0,433332;0,449834;1,86E+13;4,4983515;0,29%
SSD;8388608;int;2097152;2;now(), lib chrono;0,441925;0,449834;1,86E+13;4,4983515;0,29%
SSD;8388608;int;2097152;3;now(), lib chrono;0,481595;0,449834;1,86E+13;4,4983515;0,29%
SSD;8388608;int;2097152;4;now(), lib chrono;0,46455;0,449834;1,86E+13;4,4983515;0,29%
SSD;8388608;int;2097152;5;now(), lib chrono;0,462234;0,449834;1,86E+13;4,4983515;0,29%
SSD;8388608;int;2097152;6;now(), lib chrono;0,457299;0,449834;1,86E+13;4,4983515;0,29%
SSD;8388608;int;2097152;7;now(), lib chrono;0,434143;0,449834;1,86E+13;4,4983515;0,29%
SSD;8388608;int;2097152;8;now(), lib chrono;0,433974;0,449834;1,86E+13;4,4983515;0,29%
SSD;8388608;int;2097152;9;now(), lib chrono;0,444465;0,449834;1,86E+13;4,4983515;0,29%
SSD;8388608;int;2097152;10;now(), lib chrono;0,444823;0,449834;1,86E+13;4,4983515;0,29%
MemoryType;BlockSize;ElementType;BufferSize;LaunchNum;Timer;WriteTime;AverageWriteTime;WriteBandwidth;AbsError(write);RelError(write)
SSD;12582912;int;3145728;1;now(), lib chrono;0,654048;0,6779935;1,86E+13;6,7799465;0,44%
SSD;12582912;int;3145728;2;now(), lib chrono;0,684341;0,6779935;1,86E+13;6,7799465;0,44%
SSD;12582912;int;3145728;3;now(), lib chrono;0,658379;0,6779935;1,86E+13;6,7799465;0,44%
SSD;12582912;int;3145728;4;now(), lib chrono;0,6712;0,6779935;1,86E+13;6,7799465;0,44%
SSD;12582912;int;3145728;5;now(), lib chrono;0,675824;0,6779935;1,86E+13;6,7799465;0,44%
SSD;12582912;int;3145728;6;now(), lib chrono;0,704485;0,6779935;1,86E+13;6,7799465;0,44%
SSD;12582912;int;3145728;7;now(), lib chrono;0,693832;0,6779935;1,86E+13;6,7799465;0,44%
SSD;12582912;int;3145728;8;now(), lib chrono;0,67196;0,6779935;1,86E+13;6,7799465;0,44%
SSD;12582912;int;3145728;9;now(), lib chrono;0,726513;0,6779935;1,86E+13;6,7799465;0,44%
SSD;12582912;int;3145728;10;now(), lib chrono;0,639353;0,6779935;1,86E+13;6,7799465;0,44%
MemoryType;BlockSize;ElementType;BufferSize;LaunchNum;Timer;WriteTime;AverageWriteTime;WriteBandwidth;AbsError(write);RelError(write)
SSD;16777216;int;4194304;1;now(), lib chrono;0,880678;0,9248909;1,81E+13;9,2489215;0,60%
SSD;16777216;int;4194304;2;now(), lib chrono;0,895356;0,9248909;1,81E+13;9,2489215;0,60%
SSD;16777216;int;4194304;3;now(), lib chrono;0,87312;0,9248909;1,81E+13;9,2489215;0,60%
SSD;16777216;int;4194304;4;now(), lib chrono;0,879088;0,9248909;1,81E+13;9,2489215;0,60%
SSD;16777216;int;4194304;5;now(), lib chrono;0,872223;0,9248909;1,81E+13;9,2489215;0,60%
SSD;16777216;int;4194304;6;now(), lib chrono;0,871672;0,9248909;1,81E+13;9,2489215;0,60%
SSD;16777216;int;4194304;7;now(), lib chrono;0,968715;0,9248909;1,81E+13;9,2489215;0,60%
SSD;16777216;int;4194304;8;now(), lib chrono;1,3655;0,9248909;1,81E+13;9,2489215;0,60%
SSD;16777216;int;4194304;9;now(), lib chrono;0,878917;0,9248909;1,81E+13;9,2489215;0,60%
SSD;16777216;int;4194304;10;now(), lib chrono;0,76364;0,9248909;1,81E+13;9,2489215;0,60%
MemoryType;BlockSize;ElementType;BufferSize;LaunchNum;Timer;WriteTime;AverageWriteTime;WriteBandwidth;AbsError(write);RelError(write)
SSD;20971520;int;5242880;1;now(), lib chrono;1,150998;1,0709267;1,96E+13;10,7092785;0,70%
SSD;20971520;int;5242880;2;now(), lib chrono;0,989689;1,0709267;1,96E+13;10,7092785;0,70%
SSD;20971520;int;5242880;3;now(), lib chrono;0,990049;1,0709267;1,96E+13;10,7092785;0,70%
SSD;20971520;int;5242880;4;now(), lib chrono;1,050618;1,0709267;1,96E+13;10,7092785;0,70%
SSD;20971520;int;5242880;5;now(), lib chrono;1,186024;1,0709267;1,96E+13;10,7092785;0,70%
SSD;20971520;int;5242880;6;now(), lib chrono;1,093666;1,0709267;1,96E+13;10,7092785;0,70%
SSD;20971520;int;5242880;7;now(), lib chrono;1,041068;1,0709267;1,96E+13;10,7092785;0,70%
SSD;20971520;int;5242880;8;now(), lib chrono;1,0209;1,0709267;1,96E+13;10,7092785;0,70%
SSD;20971520;int;5242880;9;now(), lib chrono;1,030837;1,0709267;1,96E+13;10,7092785;0,70%
SSD;20971520;int;5242880;10;now(), lib chrono;1,155418;1,0709267;1,96E+13;10,7092785;0,70%
MemoryType;BlockSize;ElementType;BufferSize;LaunchNum;Timer;WriteTime;AverageWriteTime;WriteBandwidth;AbsError(write);RelError(write)
SSD;25165824;int;6291456;1;now(), lib chrono;1,483466;1,6082789;1,56E+13;16,0828015;1,05%
SSD;25165824;int;6291456;2;now(), lib chrono;1,538892;1,6082789;1,56E+13;16,0828015;1,05%
SSD;25165824;int;6291456;3;now(), lib chrono;1,757412;1,6082789;1,56E+13;16,0828015;1,05%
SSD;25165824;int;6291456;4;now(), lib chrono;1,632869;1,6082789;1,56E+13;16,0828015;1,05%
SSD;25165824;int;6291456;5;now(), lib chrono;1,382158;1,6082789;1,56E+13;16,0828015;1,05%
SSD;25165824;int;6291456;6;now(), lib chrono;1,783987;1,6082789;1,56E+13;16,0828015;1,05%
SSD;25165824;int;6291456;7;now(), lib chrono;1,894287;1,6082789;1,56E+13;16,0828015;1,05%
SSD;25165824;int;6291456;8;now(), lib chrono;1,909625;1,6082789;1,56E+13;16,0828015;1,05%
SSD;25165824;int;6291456;9;now(), lib chrono;1,447933;1,6082789;1,56E+13;16,0828015;1,05%
SSD;25165824;int;6291456;10;now(), lib chrono;1,25216;1,6082789;1,56E+13;16,0828015;1,05%
MemoryType;BlockSize;ElementType;BufferSize;LaunchNum;Timer;WriteTime;AverageWriteTime;WriteBandwidth;AbsError(write);RelError(write)
SSD;29360128;int;7340032;1;now(), lib chrono;1,742134;1,7405656;1,69E+13;17,4056675;1,13%
SSD;29360128;int;7340032;2;now(), lib chrono;1,703429;1,7405656;1,69E+13;17,4056675;1,13%
SSD;29360128;int;7340032;3;now(), lib chrono;1,698372;1,7405656;1,69E+13;17,4056675;1,13%
SSD;29360128;int;7340032;4;now(), lib chrono;1,659478;1,7405656;1,69E+13;17,4056675;1,13%
SSD;29360128;int;7340032;5;now(), lib chrono;1,748615;1,7405656;1,69E+13;17,4056675;1,13%
SSD;29360128;int;7340032;6;now(), lib chrono;1,772842;1,7405656;1,69E+13;17,4056675;1,13%
SSD;29360128;int;7340032;7;now(), lib chrono;1,735458;1,7405656;1,69E+13;17,4056675;1,13%
SSD;29360128;int;7340032;8;now(), lib chrono;1,729687;1,7405656;1,69E+13;17,4056675;1,13%
SSD;29360128;int;7340032;9;now(), lib chrono;1,791595;1,7405656;1,69E+13;17,4056675;1,13%
SSD;29360128;int;7340032;10;now(), lib chrono;1,824046;1,7405656;1,69E+13;17,4056675;1,13%
MemoryType;BlockSize;ElementType;BufferSize;LaunchNum;Timer;WriteTime;AverageWriteTime;WriteBandwidth;AbsError(write);RelError(write)
SSD;33554432;int;8388608;1;now(), lib chrono;1,999823;1,9240097;1,74E+13;19,2401085;1,25%
SSD;33554432;int;8388608;2;now(), lib chrono;1,899646;1,9240097;1,74E+13;19,2401085;1,25%
SSD;33554432;int;8388608;3;now(), lib chrono;1,941019;1,9240097;1,74E+13;19,2401085;1,25%
SSD;33554432;int;8388608;4;now(), lib chrono;1,959314;1,9240097;1,74E+13;19,2401085;1,25%
SSD;33554432;int;8388608;5;now(), lib chrono;1,985582;1,9240097;1,74E+13;19,2401085;1,25%
SSD;33554432;int;8388608;6;now(), lib chrono;2,014971;1,9240097;1,74E+13;19,2401085;1,25%
SSD;33554432;int;8388608;7;now(), lib chrono;1,924091;1,9240097;1,74E+13;19,2401085;1,25%
SSD;33554432;int;8388608;8;now(), lib chrono;1,736844;1,9240097;1,74E+13;19,2401085;1,25%
SSD;33554432;int;8388608;9;now(), lib chrono;1,895296;1,9240097;1,74E+13;19,2401085;1,25%
SSD;33554432;int;8388608;10;now(), lib chrono;1,883511;1,9240097;1,74E+13;19,2401085;1,25%
MemoryType;BlockSize;ElementType;BufferSize;LaunchNum;Timer;WriteTime;AverageWriteTime;WriteBandwidth;AbsError(write);RelError(write)
SSD;37748736;int;9437184;1;now(), lib chrono;2,235574;2,1620475;1,75E+13;21,6204865;1,41%
SSD;37748736;int;9437184;2;now(), lib chrono;2,225818;2,1620475;1,75E+13;21,6204865;1,41%
SSD;37748736;int;9437184;3;now(), lib chrono;2,213809;2,1620475;1,75E+13;21,6204865;1,41%
SSD;37748736;int;9437184;4;now(), lib chrono;2,232782;2,1620475;1,75E+13;21,6204865;1,41%
SSD;37748736;int;9437184;5;now(), lib chrono;2,206204;2,1620475;1,75E+13;21,6204865;1,41%
SSD;37748736;int;9437184;6;now(), lib chrono;1,832324;2,1620475;1,75E+13;21,6204865;1,41%
SSD;37748736;int;9437184;7;now(), lib chrono;2,085283;2,1620475;1,75E+13;21,6204865;1,41%
SSD;37748736;int;9437184;8;now(), lib chrono;2,19721;2,1620475;1,75E+13;21,6204865;1,41%
SSD;37748736;int;9437184;9;now(), lib chrono;2,15904;2,1620475;1,75E+13;21,6204865;1,41%
SSD;37748736;int;9437184;10;now(), lib chrono;2,232431;2,1620475;1,75E+13;21,6204865;1,41%
MemoryType;BlockSize;ElementType;BufferSize;LaunchNum;Timer;WriteTime;AverageWriteTime;WriteBandwidth;AbsError(write);RelError(write)
SSD;41943040;int;10485760;1;now(), lib chrono;2,446114;2,2655684;1,85E+13;22,6556955;1,47%
SSD;41943040;int;10485760;2;now(), lib chrono;2,421939;2,2655684;1,85E+13;22,6556955;1,47%
SSD;41943040;int;10485760;3;now(), lib chrono;2,415012;2,2655684;1,85E+13;22,6556955;1,47%
SSD;41943040;int;10485760;4;now(), lib chrono;2,144503;2,2655684;1,85E+13;22,6556955;1,47%
SSD;41943040;int;10485760;5;now(), lib chrono;1,981684;2,2655684;1,85E+13;22,6556955;1,47%
SSD;41943040;int;10485760;6;now(), lib chrono;2,02576;2,2655684;1,85E+13;22,6556955;1,47%
SSD;41943040;int;10485760;7;now(), lib chrono;2,115862;2,2655684;1,85E+13;22,6556955;1,47%
SSD;41943040;int;10485760;8;now(), lib chrono;2,37963;2,2655684;1,85E+13;22,6556955;1,47%
SSD;41943040;int;10485760;9;now(), lib chrono;2,325147;2,2655684;1,85E+13;22,6556955;1,47%
SSD;41943040;int;10485760;10;now(), lib chrono;2,400033;2,2655684;1,85E+13;22,6556955;1,47%
MemoryType;BlockSize;ElementType;BufferSize;LaunchNum;Timer;WriteTime;AverageWriteTime;WriteBandwidth;AbsError(write);RelError(write)
SSD;46137344;int;11534336;1;now(), lib chrono;2,824347;2,7549083;1,67E+13;27,5490955;1,79%
SSD;46137344;int;11534336;2;now(), lib chrono;2,827263;2,7549083;1,67E+13;27,5490955;1,79%
SSD;46137344;int;11534336;3;now(), lib chrono;2,825177;2,7549083;1,67E+13;27,5490955;1,79%
SSD;46137344;int;11534336;4;now(), lib chrono;2,739682;2,7549083;1,67E+13;27,5490955;1,79%
SSD;46137344;int;11534336;5;now(), lib chrono;2,476734;2,7549083;1,67E+13;27,5490955;1,79%
SSD;46137344;int;11534336;6;now(), lib chrono;2,464001;2,7549083;1,67E+13;27,5490955;1,79%
SSD;46137344;int;11534336;7;now(), lib chrono;2,863195;2,7549083;1,67E+13;27,5490955;1,79%
SSD;46137344;int;11534336;8;now(), lib chrono;2,850093;2,7549083;1,67E+13;27,5490955;1,79%
SSD;46137344;int;11534336;9;now(), lib chrono;2,84609;2,7549083;1,67E+13;27,5490955;1,79%
SSD;46137344;int;11534336;10;now(), lib chrono;2,832501;2,7549083;1,67E+13;27,5490955;1,79%
MemoryType;BlockSize;ElementType;BufferSize;LaunchNum;Timer;WriteTime;AverageWriteTime;WriteBandwidth;AbsError(write);RelError(write)
SSD;50331648;int;12582912;1;now(), lib chrono;2,897171;2,983022;1,69E+13;29,8302325;1,94%
SSD;50331648;int;12582912;2;now(), lib chrono;2,975827;2,983022;1,69E+13;29,8302325;1,94%
SSD;50331648;int;12582912;3;now(), lib chrono;2,667434;2,983022;1,69E+13;29,8302325;1,94%
SSD;50331648;int;12582912;4;now(), lib chrono;2,629784;2,983022;1,69E+13;29,8302325;1,94%
SSD;50331648;int;12582912;5;now(), lib chrono;2,877831;2,983022;1,69E+13;29,8302325;1,94%
SSD;50331648;int;12582912;6;now(), lib chrono;2,939259;2,983022;1,69E+13;29,8302325;1,94%
SSD;50331648;int;12582912;7;now(), lib chrono;3,06937;2,983022;1,69E+13;29,8302325;1,94%
SSD;50331648;int;12582912;8;now(), lib chrono;2,932398;2,983022;1,69E+13;29,8302325;1,94%
SSD;50331648;int;12582912;9;now(), lib chrono;3,179819;2,983022;1,69E+13;29,8302325;1,94%
SSD;50331648;int;12582912;10;now(), lib chrono;3,661327;2,983022;1,69E+13;29,8302325;1,94%
MemoryType;BlockSize;ElementType;BufferSize;LaunchNum;Timer;WriteTime;AverageWriteTime;WriteBandwidth;AbsError(write);RelError(write)
SSD;54525952;int;13631488;1;now(), lib chrono;3,568902;3,4548866;1,58E+13;34,5488785;2,25%
SSD;54525952;int;13631488;2;now(), lib chrono;3,230122;3,4548866;1,58E+13;34,5488785;2,25%
SSD;54525952;int;13631488;3;now(), lib chrono;3,734856;3,4548866;1,58E+13;34,5488785;2,25%
SSD;54525952;int;13631488;4;now(), lib chrono;3,629649;3,4548866;1,58E+13;34,5488785;2,25%
SSD;54525952;int;13631488;5;now(), lib chrono;3,206482;3,4548866;1,58E+13;34,5488785;2,25%
SSD;54525952;int;13631488;6;now(), lib chrono;3,824617;3,4548866;1,58E+13;34,5488785;2,25%
SSD;54525952;int;13631488;7;now(), lib chrono;3,191838;3,4548866;1,58E+13;34,5488785;2,25%
SSD;54525952;int;13631488;8;now(), lib chrono;3,392632;3,4548866;1,58E+13;34,5488785;2,25%
SSD;54525952;int;13631488;9;now(), lib chrono;3,363066;3,4548866;1,58E+13;34,5488785;2,25%
SSD;54525952;int;13631488;10;now(), lib chrono;3,406702;3,4548866;1,58E+13;34,5488785;2,25%
MemoryType;BlockSize;ElementType;BufferSize;LaunchNum;Timer;WriteTime;AverageWriteTime;WriteBandwidth;AbsError(write);RelError(write)
SSD;58720256;int;14680064;1;now(), lib chrono;3,524764;3,7592641;1,56E+13;37,5926505;2,45%
SSD;58720256;int;14680064;2;now(), lib chrono;3,77036;3,7592641;1,56E+13;37,5926505;2,45%
SSD;58720256;int;14680064;3;now(), lib chrono;3,717436;3,7592641;1,56E+13;37,5926505;2,45%
SSD;58720256;int;14680064;4;now(), lib chrono;3,685256;3,7592641;1,56E+13;37,5926505;2,45%
SSD;58720256;int;14680064;5;now(), lib chrono;4,132091;3,7592641;1,56E+13;37,5926505;2,45%
SSD;58720256;int;14680064;6;now(), lib chrono;5,649596;3,7592641;1,56E+13;37,5926505;2,45%
SSD;58720256;int;14680064;7;now(), lib chrono;3,325416;3,7592641;1,56E+13;37,5926505;2,45%
SSD;58720256;int;14680064;8;now(), lib chrono;3,361727;3,7592641;1,56E+13;37,5926505;2,45%
SSD;58720256;int;14680064;9;now(), lib chrono;3,076103;3,7592641;1,56E+13;37,5926505;2,45%
SSD;58720256;int;14680064;10;now(), lib chrono;3,349892;3,7592641;1,56E+13;37,5926505;2,45%
MemoryType;BlockSize;ElementType;BufferSize;LaunchNum;Timer;WriteTime;AverageWriteTime;WriteBandwidth;AbsError(write);RelError(write)
SSD;62914560;int;15728640;1;now(), lib chrono;3,647958;4,0696179;1,55E+13;40,6961935;2,65%
SSD;62914560;int;15728640;2;now(), lib chrono;3,632123;4,0696179;1,55E+13;40,6961935;2,65%
SSD;62914560;int;15728640;3;now(), lib chrono;4,320612;4,0696179;1,55E+13;40,6961935;2,65%
SSD;62914560;int;15728640;4;now(), lib chrono;4,083843;4,0696179;1,55E+13;40,6961935;2,65%
SSD;62914560;int;15728640;5;now(), lib chrono;4,424892;4,0696179;1,55E+13;40,6961935;2,65%
SSD;62914560;int;15728640;6;now(), lib chrono;4,320882;4,0696179;1,55E+13;40,6961935;2,65%
SSD;62914560;int;15728640;7;now(), lib chrono;4,842125;4,0696179;1,55E+13;40,6961935;2,65%
SSD;62914560;int;15728640;8;now(), lib chrono;3,863565;4,0696179;1,55E+13;40,6961935;2,65%
SSD;62914560;int;15728640;9;now(), lib chrono;3,807812;4,0696179;1,55E+13;40,6961935;2,65%
SSD;62914560;int;15728640;10;now(), lib chrono;3,752367;4,0696179;1,55E+13;40,6961935;2,65%
MemoryType;BlockSize;ElementType;BufferSize;LaunchNum;Timer;WriteTime;AverageWriteTime;WriteBandwidth;AbsError(write);RelError(write)
SSD;67108864;int;16777216;1;now(), lib chrono;3,988081;4,0086309;1,67E+13;40,0863195;2,61%
SSD;67108864;int;16777216;2;now(), lib chrono;3,70031;4,0086309;1,67E+13;40,0863195;2,61%
SSD;67108864;int;16777216;3;now(), lib chrono;3,982956;4,0086309;1,67E+13;40,0863195;2,61%
SSD;67108864;int;16777216;4;now(), lib chrono;3,873591;4,0086309;1,67E+13;40,0863195;2,61%
SSD;67108864;int;16777216;5;now(), lib chrono;4,232046;4,0086309;1,67E+13;40,0863195;2,61%
SSD;67108864;int;16777216;6;now(), lib chrono;3,89867;4,0086309;1,67E+13;40,0863195;2,61%
SSD;67108864;int;16777216;7;now(), lib chrono;4,385045;4,0086309;1,67E+13;40,0863195;2,61%
SSD;67108864;int;16777216;8;now(), lib chrono;4,40734;4,0086309;1,67E+13;40,0863195;2,61%
SSD;67108864;int;16777216;9;now(), lib chrono;3,855074;4,0086309;1,67E+13;40,0863195;2,61%
SSD;67108864;int;16777216;10;now(), lib chrono;3,763196;4,0086309;1,67E+13;40,0863195;2,61%
MemoryType;BlockSize;ElementType;BufferSize;LaunchNum;Timer;WriteTime;AverageWriteTime;WriteBandwidth;AbsError(write);RelError(write)
SSD;71303168;int;17825792;1;now(), lib chrono;4,021977;4,1041484;1,74E+13;41,0415045;2,67%
SSD;71303168;int;17825792;2;now(), lib chrono;4,062337;4,1041484;1,74E+13;41,0415045;2,67%
SSD;71303168;int;17825792;3;now(), lib chrono;4,098822;4,1041484;1,74E+13;41,0415045;2,67%
SSD;71303168;int;17825792;4;now(), lib chrono;4,085593;4,1041484;1,74E+13;41,0415045;2,67%
SSD;71303168;int;17825792;5;now(), lib chrono;4,133339;4,1041484;1,74E+13;41,0415045;2,67%
SSD;71303168;int;17825792;6;now(), lib chrono;4,128178;4,1041484;1,74E+13;41,0415045;2,67%
SSD;71303168;int;17825792;7;now(), lib chrono;4,106984;4,1041484;1,74E+13;41,0415045;2,67%
SSD;71303168;int;17825792;8;now(), lib chrono;4,162807;4,1041484;1,74E+13;41,0415045;2,67%
SSD;71303168;int;17825792;9;now(), lib chrono;4,107637;4,1041484;1,74E+13;41,0415045;2,67%
SSD;71303168;int;17825792;10;now(), lib chrono;4,13381;4,1041484;1,74E+13;41,0415045;2,67%
MemoryType;BlockSize;ElementType;BufferSize;LaunchNum;Timer;WriteTime;AverageWriteTime;WriteBandwidth;AbsError(write);RelError(write)
SSD;75497472;int;18874368;1;now(), lib chrono;4,310804;4,1111237;1,84E+13;41,1112485;2,68%
SSD;75497472;int;18874368;2;now(), lib chrono;4,328795;4,1111237;1,84E+13;41,1112485;2,68%
SSD;75497472;int;18874368;3;now(), lib chrono;4,312823;4,1111237;1,84E+13;41,1112485;2,68%
SSD;75497472;int;18874368;4;now(), lib chrono;3,81622;4,1111237;1,84E+13;41,1112485;2,68%
SSD;75497472;int;18874368;5;now(), lib chrono;4,522304;4,1111237;1,84E+13;41,1112485;2,68%
SSD;75497472;int;18874368;6;now(), lib chrono;4,483973;4,1111237;1,84E+13;41,1112485;2,68%
SSD;75497472;int;18874368;7;now(), lib chrono;3,894371;4,1111237;1,84E+13;41,1112485;2,68%
SSD;75497472;int;18874368;8;now(), lib chrono;3,752933;4,1111237;1,84E+13;41,1112485;2,68%
SSD;75497472;int;18874368;9;now(), lib chrono;3,984911;4,1111237;1,84E+13;41,1112485;2,68%
SSD;75497472;int;18874368;10;now(), lib chrono;3,704103;4,1111237;1,84E+13;41,1112485;2,68%
MemoryType;BlockSize;ElementType;BufferSize;LaunchNum;Timer;WriteTime;AverageWriteTime;WriteBandwidth;AbsError(write);RelError(write)
SSD;79691776;int;19922944;1;now(), lib chrono;4,627856;4,9227634;1,62E+13;49,2276445;3,20%
SSD;79691776;int;19922944;2;now(), lib chrono;4,74936;4,9227634;1,62E+13;49,2276445;3,20%
SSD;79691776;int;19922944;3;now(), lib chrono;4,475985;4,9227634;1,62E+13;49,2276445;3,20%
SSD;79691776;int;19922944;4;now(), lib chrono;4,487463;4,9227634;1,62E+13;49,2276445;3,20%
SSD;79691776;int;19922944;5;now(), lib chrono;5,050066;4,9227634;1,62E+13;49,2276445;3,20%
SSD;79691776;int;19922944;6;now(), lib chrono;4,955101;4,9227634;1,62E+13;49,2276445;3,20%
SSD;79691776;int;19922944;7;now(), lib chrono;5,052121;4,9227634;1,62E+13;49,2276445;3,20%
SSD;79691776;int;19922944;8;now(), lib chrono;5,944321;4,9227634;1,62E+13;49,2276445;3,20%
SSD;79691776;int;19922944;9;now(), lib chrono;4,964902;4,9227634;1,62E+13;49,2276445;3,20%
SSD;79691776;int;19922944;10;now(), lib chrono;4,920459;4,9227634;1,62E+13;49,2276445;3,20%
MemoryType;BlockSize;ElementType;BufferSize;LaunchNum;Timer;WriteTime;AverageWriteTime;WriteBandwidth;AbsError(write);RelError(write)
SSD;83886080;int;20971520;1;now(), lib chrono;5,027749;4,8928565;1,71E+13;48,9285745;3,19%
SSD;83886080;int;20971520;2;now(), lib chrono;4,951762;4,8928565;1,71E+13;48,9285745;3,19%
SSD;83886080;int;20971520;3;now(), lib chrono;5,193895;4,8928565;1,71E+13;48,9285745;3,19%
SSD;83886080;int;20971520;4;now(), lib chrono;5,451979;4,8928565;1,71E+13;48,9285745;3,19%
SSD;83886080;int;20971520;5;now(), lib chrono;5,083391;4,8928565;1,71E+13;48,9285745;3,19%
SSD;83886080;int;20971520;6;now(), lib chrono;5,030122;4,8928565;1,71E+13;48,9285745;3,19%
SSD;83886080;int;20971520;7;now(), lib chrono;4,972605;4,8928565;1,71E+13;48,9285745;3,19%
SSD;83886080;int;20971520;8;now(), lib chrono;4,7076;4,8928565;1,71E+13;48,9285745;3,19%
SSD;83886080;int;20971520;9;now(), lib chrono;4,050682;4,8928565;1,71E+13;48,9285745;3,19%
SSD;83886080;int;20971520;10;now(), lib chrono;4,45878;4,8928565;1,71E+13;48,9285745;3,19%
